Prezentacja multimedialna,https://edytor.epodreczniki.pl/x/DAEFgB4Vy?lang=pl,INF_0020
Multimedium bazowe,https://edytor.epodreczniki.pl/x/DqOcZpiJ1?lang=pl,INF_0007
Multimedium bazowe,https://edytor.epodreczniki.pl/x/DuGs2UUV5?lang=pl,INF_0033
Multimedium bazowe,https://edytor.epodreczniki.pl/x/DCS8TuZGS?lang=pl,INF_0018
Prezentacja środowisk programistycznych,https://edytor.epodreczniki.pl/x/DVf49A4oI?lang=pl,INF_0041
Multimedium bazowe,https://edytor.epodreczniki.pl/x/DrTt7lXoD?lang=pl,INF_0046
Prezentacja multimedialna,https://edytor.epodreczniki.pl/x/DYU0eSxzg?lang=pl,INF_0047
Multimedium bazowe,https://edytor.epodreczniki.pl/x/DViNX2Qzc?lang=pl,INF_0050
Multimedium bazowe,https://edytor.epodreczniki.pl/x/DykOa9v3n?lang=pl,INF_0052
Prezentacja multimedialna,https://edytor.epodreczniki.pl/x/DJ3VFSu0x?lang=pl,INF_0055
Multimedium bazowe,https://edytor.epodreczniki.pl/x/D6iZnA5PB?lang=pl,INF_0057
Prezentacja multimedialna,https://edytor.epodreczniki.pl/x/Dehk612Yw?lang=pl,INF_0060
Prezentacja: wyszukiwanie największego i najmniejszego elementu zbioru,https://edytor.epodreczniki.pl/x/DsCvDmt0K?lang=pl,INF_0061
Multimedium bazowe,https://edytor.epodreczniki.pl/x/DEMwaQH4x?lang=pl,INF_0063
Mapa myśli,https://edytor.epodreczniki.pl/x/D7xdtjKc3?lang=pl,INF_0064
Prezentacja multimedialna,https://edytor.epodreczniki.pl/x/DApfqpxog?lang=pl,INF_0066
Multimedium bazowe,https://edytor.epodreczniki.pl/x/DiwKfBo0I?lang=pl,INF_0065
Multimedium bazowe,https://edytor.epodreczniki.pl/x/DAPeyXXaU?lang=pl,INF_0067
Multimedium bazowe,https://edytor.epodreczniki.pl/x/D14zFXki5?lang=pl,INF_0070
Film edukacyjny,https://edytor.epodreczniki.pl/x/DfNY70vaL?lang=pl,INF_0073
Multimedium bazowe,https://edytor.epodreczniki.pl/x/DxBA4fBVv?lang=pl,INF_0075
Multimedium bazowe,https://edytor.epodreczniki.pl/x/DuTREd1gx?lang=pl,INF_0077
Gra edukacyjna,https://edytor.epodreczniki.pl/x/DgNHFZuJP?lang=pl,INF_0078
Multimedium bazowe,https://edytor.epodreczniki.pl/x/DPVBCLtoe?lang=pl,INF_0079
Multimedium bazowe,https://edytor.epodreczniki.pl/x/D14O7B6Xg?lang=pl,INF_0080
Multimedium bazowe,https://edytor.epodreczniki.pl/x/DTqXXX3Ad?lang=pl,INF_0081
Multimedium bazowe,https://edytor.epodreczniki.pl/x/DbwfKnKah?lang=pl,INF_0082
Multimedium bazowe,https://edytor.epodreczniki.pl/x/DErnMOSIk?lang=pl,INF_0084
Schemat interaktywny,https://edytor.epodreczniki.pl/x/DZPCL7ZVs?lang=pl,INF_0085
Animacja,https://edytor.epodreczniki.pl/x/Da0Jn0tBM?lang=pl,INF_0088
Multimedium bazowe,https://edytor.epodreczniki.pl/x/DJjiIsbeY?lang=pl,INF_0089
Prezentacja: inny wariant algorytmu Euklidesa,https://edytor.epodreczniki.pl/x/DmZdnWkJw?lang=pl,INF_0090
Prezentacja: dwa warianty algorytmu Euklidesa w języku C++,https://edytor.epodreczniki.pl/x/DcqISl0Zg?lang=pl,INF_0091
Prezentacja: dwie wersje algorytmu Euklidesa,https://edytor.epodreczniki.pl/x/D7CWE84DV?lang=pl,INF_0092
Multimedium bazowe,https://edytor.epodreczniki.pl/x/DfYKnCm9I?lang=pl,INF_0094
Prezentacja multimedialna,https://edytor.epodreczniki.pl/x/Dkn9F1zAg?lang=pl,INF_0096
Multimedium bazowe,https://edytor.epodreczniki.pl/x/D1FdGIUy0?lang=pl,INF_0097
Prezentacja multimedialna,https://edytor.epodreczniki.pl/x/DEEUth1XM?lang=pl,INF_0099
Multimedium bazowe,https://edytor.epodreczniki.pl/x/DQ0ikjta3?lang=pl,INF_0100
Prezentacja multimedialna,https://edytor.epodreczniki.pl/x/DvQnn4yNV?lang=pl,INF_0101
Multimedium bazowe,https://edytor.epodreczniki.pl/x/DNgAObzAi?lang=pl,INF_0102
Multimedium bazowe,https://edytor.epodreczniki.pl/x/D19BeHD2w?lang=pl,INF_0104
Aplet,https://edytor.epodreczniki.pl/x/DNO0ncCf2?lang=pl,INF_0105
Multimedium bazowe,https://edytor.epodreczniki.pl/x/DScoc4lBU?lang=pl,INF_0106
Multimedium bazowe,https://edytor.epodreczniki.pl/x/DjL8XvCq5?lang=pl,INF_0107
Symulacja,https://edytor.epodreczniki.pl/x/DzuuyIX7S?lang=pl,INF_0108
Prezentacja: matematyczne i graficzne modelowanie ruchów Browna,https://edytor.epodreczniki.pl/x/D1H3IlzDi?lang=pl,INF_0113
Multimedium bazowe,https://edytor.epodreczniki.pl/x/DmuU3vfF?lang=pl,INF_0116
Multimedium bazowe,https://edytor.epodreczniki.pl/x/D5SJnSEcH?lang=pl,INF_0117
Prezentacja multimedialna,https://edytor.epodreczniki.pl/x/Dt8VlrGk0?lang=pl,INF_0119
Multimedium bazowe,https://edytor.epodreczniki.pl/x/D1Gr5ii2g?lang=pl,INF_0121
Multimedium bazowe,https://edytor.epodreczniki.pl/x/DtiFyiwva?lang=pl,INF_0122
Multimedium bazowe,https://edytor.epodreczniki.pl/x/DD9PItB4e?lang=pl,INF_0124
Multimedium bazowe,https://edytor.epodreczniki.pl/x/DRTf3Prit?lang=pl,INF_0125
Rozkład liczby na czynniki pierwsze: program w języku C++,https://edytor.epodreczniki.pl/x/D15FwWDAl?lang=pl,INF_0126
Multimedium bazowe,https://edytor.epodreczniki.pl/x/DN7Bv3lrV?lang=pl,INF_0127
Multimedium bazowe,https://edytor.epodreczniki.pl/x/DNbWbpaW3?lang=pl,INF_0129
Multimedium bazowe,https://edytor.epodreczniki.pl/x/DuUYyB0WX?lang=pl,INF_0132
Prezentacja: czy to jest palindrom?,https://edytor.epodreczniki.pl/x/DsyMRt3iP?lang=pl,INF_0133
Multimedium bazowe,https://edytor.epodreczniki.pl/x/DUnpwMbn5?lang=pl,INF_0135
Program testowy: czy to jest liczba pierwsza?,https://edytor.epodreczniki.pl/x/DlamSjUUk?lang=pl,INF_0138
Prezentacja: piszemy funkcje w Javie,https://edytor.epodreczniki.pl/x/DCE2Pmezm?lang=pl,INF_0139
Audiobook,https://edytor.epodreczniki.pl/x/DhHLmQWgQ?lang=pl,INF_0140
Multimedium bazowe,https://edytor.epodreczniki.pl/x/D589XfeUJ?lang=pl,INF_0141
Multimedium bazowe,https://edytor.epodreczniki.pl/x/D1BKwMoKQ?lang=pl,INF_0146
Multimedium bazowe,https://edytor.epodreczniki.pl/x/DHSRRSMKm?lang=pl,INF_0151
Schemat interaktywny,https://edytor.epodreczniki.pl/x/D6HY0ppY4?lang=pl,INF_0152
Prezentacja: czy to jest palindrom?,https://edytor.epodreczniki.pl/x/DRL0JWOCy?lang=pl,INF_0153
Film samouczek,https://edytor.epodreczniki.pl/x/Dbu6x30An?lang=pl,INF_0154
Prezentacja: czy to jest palindrom?,https://edytor.epodreczniki.pl/x/DkGOCQ1KE?lang=pl,INF_0156
Multimedium bazowe,https://edytor.epodreczniki.pl/x/DjfzlYQW0?lang=pl,INF_0157
Multimedium bazowe,https://edytor.epodreczniki.pl/x/D2VsENJrr?lang=pl,INF_0158
Multimedium bazowe,https://edytor.epodreczniki.pl/x/D10PEL2eF?lang=pl,INF_0159
Multimedium bazowe,https://edytor.epodreczniki.pl/x/D1BPlzQ9X?lang=pl,INF_0161
Prezentacja: wyszukiwanie i sortowanie ciągów znaków,https://edytor.epodreczniki.pl/x/DyBorX2Kt?lang=pl,INF_0166
Multimedium bazowe,https://edytor.epodreczniki.pl/x/D87nxMI64?lang=pl,INF_0171
Multimedium bazowe,https://edytor.epodreczniki.pl/x/D12ziehb9?lang=pl,INF_0172
Multimedium bazowe,https://edytor.epodreczniki.pl/x/D10mFop6h?lang=pl,INF_0173
Multimedium bazowe,https://edytor.epodreczniki.pl/x/DlTXUbTBH?lang=pl,INF_0176
Multimedium bazowe,https://edytor.epodreczniki.pl/x/DvCl5fciX?lang=pl,INF_0177
Multimedium bazowe,https://edytor.epodreczniki.pl/x/DGtBAo3I4?lang=pl,INF_0178
Multimedium bazowe,https://edytor.epodreczniki.pl/x/DgiaGBvuz?lang=pl,INF_0179
Multimedium bazowe,https://edytor.epodreczniki.pl/x/D7ZrBOl6n?lang=pl,INF_0181
Multimedium bazowe,https://edytor.epodreczniki.pl/x/D10AgJw1z?lang=pl,INF_0183
Multimedium bazowe,https://edytor.epodreczniki.pl/x/D14z9xbbC?lang=pl,INF_0184
Multimedium bazowe,https://edytor.epodreczniki.pl/x/DOCQPZdGr?lang=pl,INF_0186
Multimedium bazowe,https://edytor.epodreczniki.pl/x/D5Jjlhgvv?lang=pl,INF_0188
Multimedium bazowe,https://edytor.epodreczniki.pl/x/DFTQLsNrL?lang=pl,INF_0189
Prezentacja: analiza algorytmu generującego ciąg Fibonacciego,https://edytor.epodreczniki.pl/x/DFKbT8yM4?lang=pl,INF_0191
Multimedium bazowe,https://edytor.epodreczniki.pl/x/DxpV2H8dx?lang=pl,INF_0213
Multimedium bazowe,https://edytor.epodreczniki.pl/x/D12CkfMjY?lang=pl,INF_0214
Multimedium bazowe,https://edytor.epodreczniki.pl/x/DZprRtTHf?lang=pl,INF_0238
Odnajdowanie lidera zbioru i wyszukiwanie binarne,https://edytor.epodreczniki.pl/x/DPuNPmj4M?lang=pl,INF_0239
Multimedium bazowe,https://edytor.epodreczniki.pl/x/DYmztxkaD?lang=pl,INF_0240
Multimedium bazowe,https://edytor.epodreczniki.pl/x/DwsA8cnvD?lang=pl,INF_0242
Sortowanie tablicy: implementacja algorytmu w języku C++,https://edytor.epodreczniki.pl/x/DAv4RzgGJ?lang=pl,INF_0243
Implementacja algorytmu sortowania przez wybieranie w języku Java,https://edytor.epodreczniki.pl/x/DtRD1FgQZ?lang=pl,INF_0244
Multimedium bazowe,https://edytor.epodreczniki.pl/x/DsD3j5gUR?lang=pl,INF_0245
Multimedium bazowe,https://edytor.epodreczniki.pl/x/DZgJeAsRf?lang=pl,INF_0246
Sortowanie przez wstawianie w języku C++,https://edytor.epodreczniki.pl/x/DGneMoWVT?lang=pl,INF_0248
Multimedium bazowe,https://edytor.epodreczniki.pl/x/D1fveh0Fs?lang=pl,INF_0249
Multimedium bazowe,https://edytor.epodreczniki.pl/x/DWJKdZ8UI?lang=pl,INF_0250
Multimedium bazowe,https://edytor.epodreczniki.pl/x/D10dXknB1?lang=pl,INF_0251
Multimedium bazowe,https://edytor.epodreczniki.pl/x/D1GUUKb1A?lang=pl,INF_0253
Multimedium bazowe,https://edytor.epodreczniki.pl/x/DBGZDmOHK?lang=pl,INF_0254
Multimedium bazowe,https://edytor.epodreczniki.pl/x/D11nwI0ME?lang=pl,INF_0255
Multimedium bazowe,https://edytor.epodreczniki.pl/x/DAx24PZyr?lang=pl,INF_0256
Multimedium bazowe,https://edytor.epodreczniki.pl/x/DTyry8Pd1?lang=pl,INF_0282
Multimedium bazowe,https://edytor.epodreczniki.pl/x/DRxkYicQ2?lang=pl,INF_0283
Multimedium bazowe,https://edytor.epodreczniki.pl/x/DrXOwZ7et?lang=pl,INF_0284
Multimedium bazowe,https://edytor.epodreczniki.pl/x/DytZiFxwd?lang=pl,INF_0285
Multimedium bazowe,https://edytor.epodreczniki.pl/x/DXfvQGXpp?lang=pl,INF_0287
Obliczanie wartości dziesiętnej liczb zapisanych w różnych systemach pozycyjnych,https://edytor.epodreczniki.pl/x/DIoobkCE4?lang=pl,INF_0297
Multimedium bazowe,https://edytor.epodreczniki.pl/x/D3phItup3?lang=pl,INF_0298
Zapisywanie liczb w systemie U2,https://edytor.epodreczniki.pl/x/DzQMWlVx0?lang=pl,INF_0299
Multimedium bazowe,https://edytor.epodreczniki.pl/x/DztnogGOs?lang=pl,INF_0300
Multimedium bazowe,https://edytor.epodreczniki.pl/x/DRLbTMbTD?lang=pl,INF_0301
Multimedium bazowe,https://edytor.epodreczniki.pl/x/D1HlGMoEw?lang=pl,INF_0302
Prezentacja: konwersja ułamkowej części liczby zapisanej w systemie dziesiętnym do postaci binarnej,https://edytor.epodreczniki.pl/x/DHaqa5amZ?lang=pl,INF_0303
Zapisujemy część ułamkową liczby dziesiętnej w postaci dwójkowej,https://edytor.epodreczniki.pl/x/DdZelGSkt?lang=pl,INF_0304
Film samouczek,https://edytor.epodreczniki.pl/x/D6RIQbLh2?lang=pl,INF_0305
Multimedium bazowe,https://edytor.epodreczniki.pl/x/Dw3GbE2pt?lang=pl,INF_0306
Multimedium bazowe,https://edytor.epodreczniki.pl/x/D7wqy2szs?lang=pl,INF_0307
Multimedium bazowe,https://edytor.epodreczniki.pl/x/DGzPYhqGN?lang=pl,INF_0308
Przekształcamy ułamek dwójkowy do postaci dziesiętnej,https://edytor.epodreczniki.pl/x/D1ArXMOo7?lang=pl,INF_0309
Program zapisujący liczby binarne w postaci dziesiętnej,https://edytor.epodreczniki.pl/x/Dl2lVEHb2?lang=pl,INF_0310
Multimedium bazowe,https://edytor.epodreczniki.pl/x/D174ppfJq?lang=pl,INF_0311
Konwersja liczb między systemami o bazach skojarzonych,https://edytor.epodreczniki.pl/x/Dk8xoZETC?lang=pl,INF_0312
Zapisujemy część ułamkową liczby szesnastkowej w postaci binarnej,https://edytor.epodreczniki.pl/x/DcTtFaoRy?lang=pl,INF_0313
Multimedium bazowe,https://edytor.epodreczniki.pl/x/D17df1q6P?lang=pl,INF_0314
Multimedium bazowe,https://edytor.epodreczniki.pl/x/Dkm1C8itt?lang=pl,INF_0315
Multimedium bazowe,https://edytor.epodreczniki.pl/x/Do4GOu6hy?lang=pl,INF_0316
Zapisujemy liczbę binarną w postaci szesnastkowej,https://edytor.epodreczniki.pl/x/D7FMfiopw?lang=pl,INF_0317
Prezentacja: zapisywanie części ułamkowej liczby binarnej w postaci szesnastkowej,https://edytor.epodreczniki.pl/x/DhSVUUYwd?lang=pl,INF_0318
Multimedium bazowe,https://edytor.epodreczniki.pl/x/DVIsOou7L?lang=pl,INF_0319
Multimedium bazowe,https://edytor.epodreczniki.pl/x/DRsKfSW5P?lang=pl,INF_0320
Prezentacja: zmiana postaci zapisu liczb,https://edytor.epodreczniki.pl/x/DntactCzG?lang=pl,INF_0321
Prezentacja multimedialna,https://edytor.epodreczniki.pl/x/DlZ6V4rqP?lang=pl,INF_0323
Multimedium bazowe,https://edytor.epodreczniki.pl/x/DwFFf72lR?lang=pl,INF_0324
Multimedium bazowe,https://edytor.epodreczniki.pl/x/D2IBGh9hr?lang=pl,INF_0325
Prezentacja multimedialna,https://edytor.epodreczniki.pl/x/DRopGkSIK?lang=pl,INF_0326
Multimedium bazowe,https://edytor.epodreczniki.pl/x/DjXshyDVe?lang=pl,INF_0328
Prezentacja multimedialna,https://edytor.epodreczniki.pl/x/DhTHNZEED?lang=pl,INF_0329
Multimedium bazowe,https://edytor.epodreczniki.pl/x/DwnRggfxs?lang=pl,INF_0330
Prezentacja multimedialna,https://edytor.epodreczniki.pl/x/DR9K2jx3i?lang=pl,INF_0331
Prezentacja: obliczamy opłaty parkingowe,https://edytor.epodreczniki.pl/x/D13ARvLrp?lang=pl,INF_0333
Multimedium bazowe,https://edytor.epodreczniki.pl/x/DyaErmk7Y?lang=pl,INF_0337
Multimedium bazowe,https://edytor.epodreczniki.pl/x/DIMC7VwMV?lang=pl,INF_0338
Multimedium bazowe,https://edytor.epodreczniki.pl/x/D12GbVFbS?lang=pl,INF_0348
Operacje na plikach: zapisywanie i odczytywanie danych,https://edytor.epodreczniki.pl/x/D3wpr4idb?lang=pl,INF_0349
Multimedium bazowe,https://edytor.epodreczniki.pl/x/DDISSxXQb?lang=pl,INF_0367
Multimedium bazowe,https://edytor.epodreczniki.pl/x/DzeZ3AxIU?lang=pl,INF_0368
Schemat interaktywny,https://edytor.epodreczniki.pl/x/DairIcPLc?lang=pl,INF_0388
Komputerowa realizacja szyfru Cezara,https://edytor.epodreczniki.pl/x/D161cEawa?lang=pl,INF_0390
Prezentacja multimedialna,https://edytor.epodreczniki.pl/x/DYIsiB0yD?lang=pl,INF_0389
Piszemy program szyfrujący,https://edytor.epodreczniki.pl/x/DU4RXG3ey?lang=pl,INF_0391
Multimedium bazowe,https://edytor.epodreczniki.pl/x/DL7nO3DCb?lang=pl,INF_0392
Prezentacja: formatowanie komórek arkusza kalkulacyjnego,https://edytor.epodreczniki.pl/x/DVhzLbVOg?lang=pl,INF_0545
Multimedium bazowe,https://edytor.epodreczniki.pl/x/D1DSp3DlG?lang=pl,INF_0546
Prezentacja: kopiowanie zawartości komórek arkusza i operacje na danych,https://edytor.epodreczniki.pl/x/DPsXDd38a?lang=pl,INF_0547
Multimedium bazowe,https://edytor.epodreczniki.pl/x/DHmD5ZUgQ?lang=pl,INF_0548
Multimedium bazowe,https://edytor.epodreczniki.pl/x/DokOhPaXE?lang=pl,INF_0549
Prezentacja multimedialna,https://edytor.epodreczniki.pl/x/DnoArpAEW?lang=pl,INF_0550
Multimedium bazowe,https://edytor.epodreczniki.pl/x/D9SqWc0hS?lang=pl,INF_0551
Multimedium bazowe,https://edytor.epodreczniki.pl/x/DrFuY3pwW?lang=pl,INF_0552
Multimedium bazowe,https://edytor.epodreczniki.pl/x/DYU6ziIdN?lang=pl,INF_0553
Multimedium bazowe,https://edytor.epodreczniki.pl/x/DTIvtvI6d?lang=pl,INF_0554
Multimedium bazowe,https://edytor.epodreczniki.pl/x/DyBfLI8om?lang=pl,INF_0555
Multimedium bazowe,https://edytor.epodreczniki.pl/x/D1GYlywSc?lang=pl,INF_0556
Multimedium bazowe,https://edytor.epodreczniki.pl/x/DloolCsV5?lang=pl,INF_0557
Multimedium bazowe,https://edytor.epodreczniki.pl/x/DmTkRWs6v?lang=pl,INF_0558
Prezentacja multimedialna,https://edytor.epodreczniki.pl/x/DCfKg3zJU?lang=pl,INF_0559
Multimedium bazowe,https://edytor.epodreczniki.pl/x/DmwWpRcPW?lang=pl,INF_0560
Prezentacja multimedialna,https://edytor.epodreczniki.pl/x/DNpddeNaA?lang=pl,INF_0561
Multimedium bazowe,https://edytor.epodreczniki.pl/x/D13JyknD8?lang=pl,INF_0562
Multimedium bazowe,https://edytor.epodreczniki.pl/x/DQ9dChRUr?lang=pl,INF_0563
Multimedium bazowe,https://edytor.epodreczniki.pl/x/DjXAVARk5?lang=pl,INF_0564
Prezentacja multimedialna,https://edytor.epodreczniki.pl/x/D1CeRIoHE?lang=pl,INF_0565
Multimedium bazowe,https://edytor.epodreczniki.pl/x/DycbIkNZo?lang=pl,INF_0566
Multimedium bazowe,https://edytor.epodreczniki.pl/x/Dfw9fRTiP?lang=pl,INF_0567
Multimedium bazowe,https://edytor.epodreczniki.pl/x/DemAk5UOT?lang=pl,INF_0568
Multimedium bazowe,https://edytor.epodreczniki.pl/x/D11pBgztt?lang=pl,INF_0569
Prezentacja multimedialna,https://edytor.epodreczniki.pl/x/D9J30UWnS?lang=pl,INF_0570
Multimedium bazowe,https://edytor.epodreczniki.pl/x/DkxOFEtq7?lang=pl,INF_0573
Multimedium bazowe,https://edytor.epodreczniki.pl/x/Df04BNRYD?lang=pl,INF_0574
Multimedium bazowe,https://edytor.epodreczniki.pl/x/D23PgClyg?lang=pl,INF_0575
Multimedium bazowe,https://edytor.epodreczniki.pl/x/DnVCuNLwd?lang=pl,INF_0578
Multimedium bazowe,https://edytor.epodreczniki.pl/x/DqqVczwAf?lang=pl,INF_0576
Multimedium bazowe,https://edytor.epodreczniki.pl/x/D7nltWOz4?lang=pl,INF_0584
Multimedium bazowe,https://edytor.epodreczniki.pl/x/DXgzMESht?lang=pl,INF_0586
