https://edytor.epodreczniki.pl/x/D1AxGGJNP?lang=pl;CHE_0004
https://edytor.epodreczniki.pl/x/DBRS9BNbh?lang=pl;CHE_0006
https://edytor.epodreczniki.pl/x/DRGOPQVs2?lang=pl;CHE_0007
https://edytor.epodreczniki.pl/x/DUmXgeTEr?lang=pl;CHE_0008
https://edytor.epodreczniki.pl/x/DaSOFN5p2?lang=pl;CHE_0009
https://edytor.epodreczniki.pl/x/Dls2XPTrA?lang=pl;CHE_0010
https://edytor.epodreczniki.pl/x/D1Bu9Yut8?lang=pl;CHE_0011
https://edytor.epodreczniki.pl/x/DFE9GCVxX?lang=pl;CHE_0012
https://edytor.epodreczniki.pl/x/D4bk5oNyh?lang=pl;CHE_0013
https://edytor.epodreczniki.pl/x/DzDrw8BsM?lang=pl;CHE_0014
https://edytor.epodreczniki.pl/x/DFoMBSGJH?lang=pl;CHE_0015
https://edytor.epodreczniki.pl/x/DTvfrhY6J?lang=pl;CHE_0016
https://edytor.epodreczniki.pl/x/D15AofrH2?lang=pl;CHE_0018
https://edytor.epodreczniki.pl/x/D6pwkuKSe?lang=pl;CHE_0021
https://edytor.epodreczniki.pl/x/D14JNYjLm?lang=pl;CHE_0024
https://edytor.epodreczniki.pl/x/D15Ws3sEM?lang=pl;CHE_0026
https://edytor.epodreczniki.pl/x/DzqGSexbd?lang=pl;CHE_0027
https://edytor.epodreczniki.pl/x/D1ASztCZ5?lang=pl;CHE_0029
https://edytor.epodreczniki.pl/x/DKoZPiOkP?lang=pl;CHE_0031
https://edytor.epodreczniki.pl/x/D9b1URs9u?lang=pl;CHE_0032
https://edytor.epodreczniki.pl/x/DJTqAid2P?lang=pl;CHE_0034
https://edytor.epodreczniki.pl/x/DifedhJIB?lang=pl;CHE_0035
https://edytor.epodreczniki.pl/x/DblQ70CGk?lang=pl;CHE_0036
https://edytor.epodreczniki.pl/x/DQgVeW2zJ?lang=pl;CHE_0037
https://edytor.epodreczniki.pl/x/DcjKFnXfg?lang=pl;CHE_0038
https://edytor.epodreczniki.pl/x/D14b8ooJD?lang=pl;CHE_0041
https://edytor.epodreczniki.pl/x/DU6Uph1uN?lang=pl;CHE_0051
https://edytor.epodreczniki.pl/x/D1DpogjT5?lang=pl;CHE_0052
https://edytor.epodreczniki.pl/x/DskfUIorX?lang=pl;CHE_0053
https://edytor.epodreczniki.pl/x/D4YZhj6KO?lang=pl;CHE_0054
https://edytor.epodreczniki.pl/x/DAJz6caSm?lang=pl;CHE_0057
https://edytor.epodreczniki.pl/x/Dhth5LPX6?lang=pl;CHE_0059
https://edytor.epodreczniki.pl/x/DxVOhtJsj?lang=pl;CHE_0060
https://edytor.epodreczniki.pl/x/DLCX4kfS?lang=pl;CHE_0064
https://edytor.epodreczniki.pl/x/DSe8vH5NL?lang=pl;CHE_0065
https://edytor.epodreczniki.pl/x/DjXWY9d0d?lang=pl;CHE_0073
https://edytor.epodreczniki.pl/x/D3MKd53cd?lang=pl;CHE_0074
https://edytor.epodreczniki.pl/x/D8HAzdFhE?lang=pl;CHE_0075
https://edytor.epodreczniki.pl/x/DdedZ8McO?lang=pl;CHE_0076
https://edytor.epodreczniki.pl/x/DRzrYzf9Z?lang=pl;CHE_0077
https://edytor.epodreczniki.pl/x/D1AEKhaK8?lang=pl;CHE_0078
https://edytor.epodreczniki.pl/x/Do5FfFDuk?lang=pl;CHE_0080
https://edytor.epodreczniki.pl/x/D17RoxJFL?lang=pl;CHE_0082
https://edytor.epodreczniki.pl/x/Dd4BeGhBM?lang=pl;CHE_0084
https://edytor.epodreczniki.pl/x/D113qN17j?lang=pl;CHE_0085
https://edytor.epodreczniki.pl/x/DicGCSdOm?lang=pl;CHE_0087
https://edytor.epodreczniki.pl/x/D1FLJXwxa?lang=pl;CHE_0089
https://edytor.epodreczniki.pl/x/D1HOhwNc0?lang=pl;CHE_0090
https://edytor.epodreczniki.pl/x/DCFQWn5mE?lang=pl;CHE_0095
https://edytor.epodreczniki.pl/x/DtXpxWWxm?lang=pl;CHE_0097
https://edytor.epodreczniki.pl/x/DPDX0froy?lang=pl;CHE_0098
https://edytor.epodreczniki.pl/x/D18QQwSDP?lang=pl;CHE_0099
https://edytor.epodreczniki.pl/x/DFvqh7AQu?lang=pl;CHE_0100
https://edytor.epodreczniki.pl/x/DefEVWWkW?lang=pl;CHE_0103
https://edytor.epodreczniki.pl/x/DLbcBhyp1?lang=pl;CHE_0154
https://edytor.epodreczniki.pl/x/DBVE7jtcL?lang=pl;CHE_0165
https://edytor.epodreczniki.pl/x/DaRs7MFo1?lang=pl;CHE_0168
https://edytor.epodreczniki.pl/x/DYGAQAKk7?lang=pl;CHE_0178
https://edytor.epodreczniki.pl/x/D1BV87FXw?lang=pl;CHE_0179
https://edytor.epodreczniki.pl/x/DECZ42get?lang=pl;CHE_0191
https://edytor.epodreczniki.pl/x/DMsMi8IN6?lang=pl;CHE_0193
https://edytor.epodreczniki.pl/x/Dv0I6qAgp?lang=pl;CHE_0247
https://edytor.epodreczniki.pl/x/D8BmleCky?lang=pl;CHE_0249
https://edytor.epodreczniki.pl/x/DgToBugmL?lang=pl;CHE_0260
https://edytor.epodreczniki.pl/x/DopRThuwb?lang=pl;CHE_0283
https://edytor.epodreczniki.pl/x/DYbTcwV95?lang=pl;CHE_0319
https://edytor.epodreczniki.pl/x/DLiIlBAdf?lang=pl;CHE_0327
https://edytor.epodreczniki.pl/x/DlLYpJW4J?lang=pl;CHE_0328
https://edytor.epodreczniki.pl/x/DPhmKfaJe?lang=pl;CHE_0329
https://edytor.epodreczniki.pl/x/DF7KwYEow?lang=pl;CHE_0330
https://edytor.epodreczniki.pl/x/DfOar9HYt?lang=pl;CHE_0331
https://edytor.epodreczniki.pl/x/D12wQdb04?lang=pl;CHE_0413
https://edytor.epodreczniki.pl/x/DM1f3AqiN?lang=pl;CHE_0427
https://edytor.epodreczniki.pl/x/DIotWWrzT?lang=pl;CHE_0469
https://edytor.epodreczniki.pl/x/DkvTkjk1h?lang=pl;CHE_0553
https://edytor.epodreczniki.pl/x/DyoE4NExl?lang=pl;CHE_0562
https://edytor.epodreczniki.pl/x/DUYXRP8hh?lang=pl;CHE_0570
https://edytor.epodreczniki.pl/x/DahWgdbc2?lang=pl;CHE_0571
https://edytor.epodreczniki.pl/x/Dp8qTZ7ZC?lang=pl;CHE_0573
https://edytor.epodreczniki.pl/x/Dlr6tbOjg?lang=pl;CHE_0574
https://edytor.epodreczniki.pl/x/D1CeteKd9?lang=pl;CHE_0577
https://edytor.epodreczniki.pl/x/D13dGqLYC?lang=pl;CHE_0590
https://edytor.epodreczniki.pl/x/D1B520Txz?lang=pl;CHE_0758
https://edytor.epodreczniki.pl/x/DAundsZIp?lang=pl;CHE_0799
https://edytor.epodreczniki.pl/x/DF4O1ybYw?lang=pl;CHE_0803
https://edytor.epodreczniki.pl/x/D158MOfHw?lang=pl;CHE_0857
https://edytor.epodreczniki.pl/x/DahKbl7vh?lang=pl;CHE_0866
https://edytor.epodreczniki.pl/x/DnUX6gCzp?lang=pl;CHE_0876
https://edytor.epodreczniki.pl/x/D4QE5P3Ef?lang=pl;CHE_0877
https://edytor.epodreczniki.pl/x/D5Uc39ftk?lang=pl;CHE_0881
https://edytor.epodreczniki.pl/x/DZmSV2bYc?lang=pl;CHE_0909
