https://edytor.epodreczniki.pl/x/DTaZgASAD?lang=pl;MAT_0001
https://edytor.epodreczniki.pl/x/DVc1WFK4M?lang=pl;MAT_0003
https://edytor.epodreczniki.pl/x/DjBW2vLEo?lang=pl;MAT_0004
https://edytor.epodreczniki.pl/x/DSuJ64BHq?lang=pl;MAT_0008
https://edytor.epodreczniki.pl/x/D53FzHheq?lang=pl;MAT_0017
https://edytor.epodreczniki.pl/x/DH14FqdF?lang=pl;MAT_0018
https://edytor.epodreczniki.pl/x/DnunEIysw?lang=pl;MAT_0020
https://edytor.epodreczniki.pl/x/DaUssyxvJ?lang=pl;MAT_0024
https://edytor.epodreczniki.pl/x/Do8X7XCEY?lang=pl;MAT_0033
https://edytor.epodreczniki.pl/x/D1mqhJKXf?lang=pl;MAT_0034
https://edytor.epodreczniki.pl/x/D9jzcVsOD?lang=pl;MAT_0035
https://edytor.epodreczniki.pl/x/D5bvkYbtn?lang=pl;MAT_0037
https://edytor.epodreczniki.pl/x/DMW1vEwTO?lang=pl;MAT_0038
https://edytor.epodreczniki.pl/x/DbQ21kQwk?lang=pl;MAT_0039
https://edytor.epodreczniki.pl/x/D188D5PGi?lang=pl;MAT_0040
https://edytor.epodreczniki.pl/x/Dey4ktuV7?lang=pl;MAT_0042
https://edytor.epodreczniki.pl/x/DwJeTbDwS?lang=pl;MAT_0047
https://edytor.epodreczniki.pl/x/DQlWXbuwS?lang=pl;MAT_0048
https://edytor.epodreczniki.pl/x/D1Av9dayx?lang=pl;MAT_0049
https://edytor.epodreczniki.pl/x/Du4VlRWCa?lang=pl;MAT_0050
https://edytor.epodreczniki.pl/x/DkqFFKGKQ?lang=pl;MAT_0051
https://edytor.epodreczniki.pl/x/D7ZdlpMEu?lang=pl;MAT_0052
https://edytor.epodreczniki.pl/x/DB7NmO2VG?lang=pl;MAT_0058
https://edytor.epodreczniki.pl/x/DkYTbaSAR?lang=pl;MAT_0059
https://edytor.epodreczniki.pl/x/DI8ng1crr?lang=pl;MAT_0060
https://edytor.epodreczniki.pl/x/Drpakf355?lang=pl;MAT_0061
https://edytor.epodreczniki.pl/x/D13xPeoc9?lang=pl;MAT_0062
https://edytor.epodreczniki.pl/x/D18khVoGm?lang=pl;MAT_0063
https://edytor.epodreczniki.pl/x/DpmRC9qKS?lang=pl;MAT_0066
https://edytor.epodreczniki.pl/x/Dk5k9CU9k?lang=pl;MAT_0070
https://edytor.epodreczniki.pl/x/DduKidyQC?lang=pl;MAT_0071
https://edytor.epodreczniki.pl/x/D147x83KS?lang=pl;MAT_0072
https://edytor.epodreczniki.pl/x/DcQcbg1ws?lang=pl;MAT_0073
https://edytor.epodreczniki.pl/x/DTglVajSQ?lang=pl;MAT_0074
https://edytor.epodreczniki.pl/x/DWX2YGEIf?lang=pl;MAT_0087
https://edytor.epodreczniki.pl/x/DxEzl1WR7?lang=pl;MAT_0104
https://edytor.epodreczniki.pl/x/D8jKXcWOd?lang=pl;MAT_0106
https://edytor.epodreczniki.pl/x/DnVQzYxC1?lang=pl;MAT_0107
https://edytor.epodreczniki.pl/x/DwAS9q7d4?lang=pl;MAT_0111
https://edytor.epodreczniki.pl/x/DxeHyjUma?lang=pl;MAT_0130
https://edytor.epodreczniki.pl/x/D1Do4RURV?lang=pl;MAT_0149
https://edytor.epodreczniki.pl/x/D1eATexFU?lang=pl;MAT_0150
https://edytor.epodreczniki.pl/x/DbaXNgFqU?lang=pl;MAT_0151
https://edytor.epodreczniki.pl/x/DIH5BY03M?lang=pl;MAT_0152
https://edytor.epodreczniki.pl/x/DRmstalYG?lang=pl;MAT_0153
https://edytor.epodreczniki.pl/x/D3A00Q3gO?lang=pl;MAT_0154
https://edytor.epodreczniki.pl/x/DUDu8L3Si?lang=pl;MAT_0155
https://edytor.epodreczniki.pl/x/DsabIR94?lang=pl;MAT_0156
https://edytor.epodreczniki.pl/x/DwA3wcFn0?lang=pl;MAT_0157
https://edytor.epodreczniki.pl/x/DuvWIOv9G?lang=pl;MAT_0158
https://edytor.epodreczniki.pl/x/DRvaSuzHv?lang=pl;MAT_0159
https://edytor.epodreczniki.pl/x/D13YUNist?lang=pl;MAT_0160
https://edytor.epodreczniki.pl/x/Df4tbdF2l?lang=pl;MAT_0161
https://edytor.epodreczniki.pl/x/D2XYgrkMc?lang=pl;MAT_0162
https://edytor.epodreczniki.pl/x/DCUfFjxVT?lang=pl;MAT_0163
https://edytor.epodreczniki.pl/x/DcBGCAJEv?lang=pl;MAT_0164
https://edytor.epodreczniki.pl/x/DFH9NEGJ8?lang=pl;MAT_0165
https://edytor.epodreczniki.pl/x/Db2cGe9Y?lang=pl;MAT_0166
https://edytor.epodreczniki.pl/x/DGGlzCvsC?lang=pl;MAT_0167
https://edytor.epodreczniki.pl/x/D19NGiR9t?lang=pl;MAT_0168
https://edytor.epodreczniki.pl/x/DdkIpcu7n?lang=pl;MAT_0169
https://edytor.epodreczniki.pl/x/Db7W70aSM?lang=pl;MAT_0170
https://edytor.epodreczniki.pl/x/DE8uylrri?lang=pl;MAT_0171
https://edytor.epodreczniki.pl/x/DE3AgfvWT?lang=pl;MAT_0172
https://edytor.epodreczniki.pl/x/DjfFPrRey?lang=pl;MAT_0173
https://edytor.epodreczniki.pl/x/D15GnT1Cy?lang=pl;MAT_0174
https://edytor.epodreczniki.pl/x/D1GUfrNSX?lang=pl;MAT_0175
https://edytor.epodreczniki.pl/x/DkiI8xP1i?lang=pl;MAT_0176
https://edytor.epodreczniki.pl/x/DK862RiFW?lang=pl;MAT_0177
https://edytor.epodreczniki.pl/x/D16uco3SK?lang=pl;MAT_0178
https://edytor.epodreczniki.pl/x/D3AE3iCLn?lang=pl;MAT_0180
https://edytor.epodreczniki.pl/x/Djt3UjEX8?lang=pl;MAT_0181
https://edytor.epodreczniki.pl/x/DbEy685VL?lang=pl;MAT_0186
https://edytor.epodreczniki.pl/x/DKfy8wQAB?lang=pl;MAT_0231
https://edytor.epodreczniki.pl/x/D1GO3arKY?lang=pl;MAT_0242
https://edytor.epodreczniki.pl/x/DmMjnYevI?lang=pl;MAT_0247
https://edytor.epodreczniki.pl/x/DsomJx3wU?lang=pl;MAT_0257
https://edytor.epodreczniki.pl/x/DYa3AsyMk?lang=pl;MAT_0258
https://edytor.epodreczniki.pl/x/DKL8gL8G5?lang=pl;MAT_0259
https://edytor.epodreczniki.pl/x/DjcwV6y8A?lang=pl;MAT_0267
https://edytor.epodreczniki.pl/x/DwhsZENnk?lang=pl;MAT_0274
https://edytor.epodreczniki.pl/x/D8D2BeDOK?lang=pl;MAT_0284
https://edytor.epodreczniki.pl/x/DaPaQITg2?lang=pl;MAT_0285
https://edytor.epodreczniki.pl/x/D1GCCrBCO?lang=pl;MAT_0380
https://edytor.epodreczniki.pl/x/D140UL9r9?lang=pl;MAT_0387
https://edytor.epodreczniki.pl/x/DQt7oS8Qj?lang=pl;MAT_0402
https://edytor.epodreczniki.pl/x/DnjdgfDNT?lang=pl;MAT_0403
https://edytor.epodreczniki.pl/x/DpWzTG448?lang=pl;MAT_0404
https://edytor.epodreczniki.pl/x/DVEOt2E1j?lang=pl;MAT_0406
https://edytor.epodreczniki.pl/x/DsF5DEc2I?lang=pl;MAT_0407
https://edytor.epodreczniki.pl/x/D17gsIX1r?lang=pl;MAT_0409
https://edytor.epodreczniki.pl/x/D9LXXQMV5?lang=pl;MAT_0411
https://edytor.epodreczniki.pl/x/D1CZ7JGXV?lang=pl;MAT_0413
https://edytor.epodreczniki.pl/x/DpxSMbAN2?lang=pl;MAT_0415
https://edytor.epodreczniki.pl/x/D2YvKWzBI?lang=pl;MAT_0419
https://edytor.epodreczniki.pl/x/DehHqb1C8?lang=pl;MAT_0421
https://edytor.epodreczniki.pl/x/DrwFfD3wV?lang=pl;MAT_0423
https://edytor.epodreczniki.pl/x/DjpqhzVpb?lang=pl;MAT_0425
https://edytor.epodreczniki.pl/x/Dv6e9a4WO?lang=pl;MAT_0426
https://edytor.epodreczniki.pl/x/DUa46KaTV?lang=pl;MAT_0427
https://edytor.epodreczniki.pl/x/DztpL5kxK?lang=pl;MAT_0430
https://edytor.epodreczniki.pl/x/D10uZUkfF?lang=pl;MAT_0433
https://edytor.epodreczniki.pl/x/DcHOMxVej?lang=pl;MAT_0434
https://edytor.epodreczniki.pl/x/DnUjTn24?lang=pl;MAT_0435
https://edytor.epodreczniki.pl/x/DXZk2AuYv?lang=pl;MAT_0436
https://edytor.epodreczniki.pl/x/D18GQmRGY?lang=pl;MAT_0437
https://edytor.epodreczniki.pl/x/D11oQG25s?lang=pl;MAT_0438
https://edytor.epodreczniki.pl/x/Dv4WyIOoa?lang=pl;MAT_0439
https://edytor.epodreczniki.pl/x/D18SCL4nk?lang=pl;MAT_0440
https://edytor.epodreczniki.pl/x/D9N8JHaNm?lang=pl;MAT_0522
https://edytor.epodreczniki.pl/x/D9A4DF30b?lang=pl;MAT_0582
https://edytor.epodreczniki.pl/x/DTZNpu5NE?lang=pl;MAT_0608
https://edytor.epodreczniki.pl/x/Dzg8g57ts?lang=pl;MAT_0610
https://edytor.epodreczniki.pl/x/DCr6OzWJ5?lang=pl;MAT_0669
https://edytor.epodreczniki.pl/x/D1GpAaWqQ?lang=pl;MAT_0675
https://edytor.epodreczniki.pl/x/D1A2ppCWk?lang=pl;MAT_0738
https://edytor.epodreczniki.pl/x/DiXw7YZLw?lang=pl;MAT_0741
https://edytor.epodreczniki.pl/x/DbwY6t369?lang=pl;MAT_0742
https://edytor.epodreczniki.pl/x/D1Cy7TSEQ?lang=pl;MAT_0780
https://edytor.epodreczniki.pl/x/D1DDjN4S8?lang=pl;MAT_0851
https://edytor.epodreczniki.pl/x/DS2rfH4Iq?lang=pl;MAT_0852
https://edytor.epodreczniki.pl/x/DBDWG6s6m?lang=pl;MAT_0855
https://edytor.epodreczniki.pl/x/D1DwL0H9V?lang=pl;MAT_0856
https://edytor.epodreczniki.pl/x/D1ZOrJWTe?lang=pl;MAT_0861
https://edytor.epodreczniki.pl/x/DkU8vx0mm?lang=pl;MAT_0864
https://edytor.epodreczniki.pl/x/Dt2IoIBhK?lang=pl;MAT_0870
https://edytor.epodreczniki.pl/x/Dlsf9Zdbl?lang=pl;MAT_0872
https://edytor.epodreczniki.pl/x/Dl2NFa5xj?lang=pl;MAT_0874
https://edytor.epodreczniki.pl/x/DEGwpMgKP?lang=pl;MAT_0876
https://edytor.epodreczniki.pl/x/DALuYvyHX?lang=pl;MAT_0878
https://edytor.epodreczniki.pl/x/DoNwex23F?lang=pl;MAT_0880
https://edytor.epodreczniki.pl/x/DTvIFhQee?lang=pl;MAT_0881
https://edytor.epodreczniki.pl/x/D1F4cgEDV?lang=pl;MAT_0882
https://edytor.epodreczniki.pl/x/DDkqnpIG?lang=pl;MAT_0883
https://edytor.epodreczniki.pl/x/Dk4d5qkHx?lang=pl;MAT_0946
https://edytor.epodreczniki.pl/x/D1H4fCUlI?lang=pl;MAT_1074
https://edytor.epodreczniki.pl/x/DQZK2eR2f?lang=pl;MAT_1247
https://edytor.epodreczniki.pl/x/D10bQFnBz?lang=pl;MAT_1266
